compound,5-HT1A,5-HT1B,5-HT1D,5-HT1E,5-HT1F,5-HT2A,5-HT2B,5-HT2C,5-HT3,5-HT4,5-HT6,5-HT7,n_receptors,s_score,gini,entropy,ratio,top_receptor,pKi_top,pKi_2A,pKi_2B,selectivity_2A_over_2B
2-Bromo-LSD,,,,,,8.824553574203385,8.017241185133672,7.723665891943903,,,7.826017523326939,7.681005210752414,5,0.0,0.02576004082676353,1.2807127300994285,1.1006970316131575,5-HT2A,8.824553574203385,8.824553574203385,8.017241185133672,0.8073123890697129
2-Ph-DALT,6.39577394691553,6.5638373529592435,6.690369832574101,,,7.886056647693163,6.71669877129645,6.555955204081924,,,7.167491087293763,,7,0.0,0.03481954670388854,2.0961766464294027,1.1002534292192205,5-HT2A,7.886056647693163,7.886056647693163,6.71669877129645,1.1693578763967132
2C-B,6.619066137851304,6.981299501333757,7.580044251510242,6.922632094715844,,7.812296233345607,7.8696662315049934,7.188039553374185,,,6.4949857599158936,6.678815972697686,9,0.0,0.03861374999534517,2.673471886071268,1.007343551299874,5-HT2B,7.8696662315049934,7.812296233345607,7.8696662315049934,-0.057369998159386704
2C-E,6.512437439743621,6.597051170655595,7.135488918941608,6.203217588298692,,7.357535479757878,7.600326278518962,6.982549270489464,,,5.527097348196336,6.370998380713008,9,0.1111111111111111,0.05070203203102208,2.9084658466220175,1.0329989300668752,5-HT2B,7.600326278518962,7.357535479757878,7.600326278518962,-0.24279079876108334
2C-T-2,6.418847108033711,6.066765871285192,,5.693567140594955,,7.399027104313252,8.221848749616356,7.268411234813261,,,5.865822892423234,6.013810700263176,8,0.25,0.06959615811718334,2.360566151962675,1.1112067348453747,5-HT2B,8.221848749616356,7.399027104313252,8.221848749616356,-0.8228216453031045
4-AcO-DALT,6.416801226031377,,6.096367483915762,6.330683119433887,,6.247951552180561,7.200659450546418,5.819587367161676,,,5.746904414150968,6.140261433802853,8,0.25,0.034933026651986276,2.4782531808076924,1.1221571616298665,5-HT2B,7.200659450546418,6.247951552180561,7.200659450546418,-0.9527078983658566
4-HO-DALT,6.496209316942819,5.603103550857476,6.159266765388193,6.623423042943488,,6.185752404268079,5.586197483230649,5.675100502947687,,,6.671620396561263,6.221848749616356,9,0.3333333333333333,0.03664949805447759,2.64387163388224,1.0072768043510558,5-HT6,6.671620396561263,6.185752404268079,5.586197483230649,0.5995549210374307
5-Br-DALT,7.958607314841775,6.022276394711152,6.886056647693163,6.290730039024169,,6.3214816209598865,7.275724130399211,6.446116973356125,,,6.876148359032914,7.309803919971486,9,0.0,0.04760682849456033,2.7351104235023094,1.0887579751760044,5-HT1A,7.958607314841775,6.3214816209598865,7.275724130399211,-0.9542425094393243
5-F-DALT,7.096910013008056,5.747875447494356,6.088309841246138,6.324221658325914,,6.607303046740334,7.795880017344075,6.991399828238082,,,7.130768280269024,6.39577394691553,9,0.1111111111111111,0.04970549335167784,2.823123087120332,1.0932735030691474,5-HT2B,7.795880017344075,6.607303046740334,7.795880017344075,-1.1885769706037408
5-Me-DMT,,7.062446207167021,7.530964114312319,6.278686125549292,7.430919728918205,6.4617708061439245,,7.0,,,7.101972647803133,7.880833550701036,8,0.0,0.03941419173353955,2.6374714682044478,1.046457456320075,5-HT7,7.880833550701036,6.4617708061439245,,
5-MeO-2-F-DALT,6.497572880015568,5.6965879294032575,5.79805693659835,5.895171596346344,,6.183758700008217,7.769551078621726,6.266802734893431,,,6.774690718274137,6.30715308072277,9,0.3333333333333333,0.04876569129458508,2.592563044152755,1.146849561362859,5-HT2B,7.769551078621726,6.183758700008217,7.769551078621726,-1.585792378613509
5-MeO-2-Me-DALT,6.573488738635424,5.644548479873483,6.045757490560675,5.7975116829399065,,5.938170692705301,6.617982957425132,,,,6.686132779630847,,7,0.42857142857142855,0.03563553534627162,2.3283369619224423,1.0102976726661488,5-HT6,6.686132779630847,5.938170692705301,6.617982957425132,-0.679812264719831
5-MeO-DALT,7.721246399047171,6.133712660915805,6.97061622231479,6.301029995663981,,6.661543506395395,7.229147988357855,6.341035157335565,,,6.815308569182401,7.045757490560675,9,0.0,0.03939566967098207,2.7382734626435417,1.068071425772693,5-HT1A,7.721246399047171,6.661543506395395,7.229147988357855,-0.5676044819624604
5-MeO-DMT,7.553748799682389,6.7927305819015995,8.200659450546418,6.443456291516485,,6.412762763864266,5.648388713228598,6.776399856441983,,,7.449771646944906,8.4089353929735,9,0.1111111111111111,0.06734281366505801,2.854743796487649,1.025397462689809,5-HT7,8.4089353929735,6.412762763864266,5.648388713228598,0.7643740506356682
5-MeO-DiPT,6.878112014896319,5.289290434275663,5.764976840504776,,,,6.787812395596042,,,,,5.909741947068683,5,0.6,0.05485455850805221,1.8260111862349724,1.0133031990334418,5-HT1A,6.878112014896319,,6.787812395596042,
5-MeO-MiPT,7.910094888560602,,,5.456428576037634,,6.348431261134208,7.232844133917819,5.6603498423863154,,,6.885389015767827,7.703334809738469,7,0.2857142857142857,0.07465011426558021,2.348706298612555,1.026840333950012,5-HT1A,7.910094888560602,6.348431261134208,7.232844133917819,-0.8844128727836109
5-MeO-T,7.506444445808619,7.619206887527216,8.208296169272804,5.501551596826,5.933301449577005,6.279651850759016,8.26135012593252,7.461913776082298,,6.356939721980465,7.649046753265474,8.741906004020533,11,0.18181818181818182,0.07783421974384885,3.1427525465351396,1.058169169780075,5-HT7,8.741906004020533,6.279651850759016,8.26135012593252,-1.9816982751735033
6-F-DMT,6.406049704736013,6.662141570958905,7.256490235271571,6.336487529584844,,6.062482107982653,7.525783735923745,6.171211251815047,,,7.59176003468815,7.38933983691012,9,0.0,0.04754470048475734,2.6633468411239227,1.008766701393434,5-HT6,7.59176003468815,6.062482107982653,7.525783735923745,-1.4633016279410915
7-Et-DALT,5.99439055463972,,5.570086302236246,,,5.819587367161676,7.187086643357144,6.3535962737769305,,,,,5,0.6,0.04873779011554813,1.6785519067431163,1.131184030848838,5-HT2B,7.187086643357144,5.819587367161676,7.187086643357144,-1.3674992761954687
DALT,7.0,,6.161780778092375,6.422508200162774,,6.154281982033341,7.214670164989233,6.414539270491499,,,5.764976840504776,,7,0.14285714285714285,0.03989021226214007,2.40461825166466,1.0306671664270333,5-HT2B,7.214670164989233,6.154281982033341,7.214670164989233,-1.0603881829558919
DMT,6.682949902192663,5.657577319177793,6.786541264382331,6.341320971417551,,6.4287552285999885,6.613912519587693,6.627682987666785,,,6.739802781222529,7.057991946977687,9,0.1111111111111111,0.028763338915289483,2.9696022777142352,1.039998383863074,5-HT7,7.057991946977687,6.4287552285999885,6.613912519587693,-0.1851572909877044
DOB,5.348712666239135,6.080398976215889,5.763099011128972,6.2549252084179425,,8.269112634617423,7.782947806598246,7.717831613044396,,,,,7,0.2857142857142857,0.08736757400624873,2.3070005078589912,1.062465384594641,5-HT2A,8.269112634617423,8.269112634617423,7.782947806598246,0.48616482801917726
DOET,5.405607449624574,5.6106566887479215,,,,7.275724130399211,,6.995678626217357,,,,,4,0.5,0.06915794178287271,1.2507205892537172,1.0400312134311518,5-HT2A,7.275724130399211,7.275724130399211,,
DOI,5.6280090885350855,5.899284913426918,5.906095255857023,5.527243550682788,5.679850764989683,8.279626981195609,7.820017412518396,7.911377799456296,,,,,8,0.625,0.0881048825499835,2.1341035679945253,1.0465467825041324,5-HT2A,8.279626981195609,8.279626981195609,7.820017412518396,0.45960956867721237
DOM,4.993178247711842,5.685500772026849,,,,7.487311002642091,,7.028646992450504,,,,,4,0.5,0.0875736419621671,1.4254648817061606,1.0652563730522018,5-HT2A,7.487311002642091,7.487311002642091,,
DPT,7.497572880015567,6.068338760315519,6.2084496949726695,5.6311554931741785,,5.588548657862063,7.376750709602099,5.80493100353141,,,5.342657263185374,6.546834607474143,9,0.4444444444444444,0.06428679561161954,2.6523255775840324,1.0163787791088286,5-HT1A,7.497572880015567,5.588548657862063,7.376750709602099,-1.7882020517400363
DiPT,6.919012953089113,,5.426896216836009,,,,6.399571674267869,,,,,5.465593100862122,4,0.5,0.055866261802794526,1.0678735903320287,1.0811681320657558,5-HT1A,6.919012953089113,,6.399571674267869,
LSD,8.739937790831043,7.401654005740087,7.9472716651667765,7.031517051446065,,8.572840961228067,7.730985423583231,8.152432028739542,,,8.406965263170079,8.070532941388453,9,0.0,0.036714258166617775,2.8876389747343922,1.0194914183476278,5-HT1A,8.739937790831043,8.572840961228067,7.730985423583231,0.841855537644836
LSD (+),,,,,,8.624928621814092,,8.207608310501746,,,8.899629454882437,7.780848986313148,4,0.0,0.02815071752692022,1.4867481402855462,1.0318496355289912,5-HT6,8.899629454882437,8.624928621814092,,
MDA R(-),,,,,,5.473676110573239,6.823908740944319,5.939385949612405,,,,,3,0.6666666666666666,0.049358805074046774,0.8213516364808466,1.1489249560200134,5-HT2B,6.823908740944319,5.473676110573239,6.823908740944319,-1.3502326303710799
MDMA,4.913640169325252,,,,,5.094413652466723,6.051633986661915,,,,,,3,0.6666666666666666,0.0472401801292639,0.5765339190421689,1.1878960758774868,5-HT2B,6.051633986661915,5.094413652466723,6.051633986661915,-0.9572203341951919
bufotenine,7.8072169289421005,6.4546689932361225,8.100339657627533,,7.50003813440381,6.508128163964701,,7.159967521999358,7.468521082957745,,7.4335574281225725,7.463431561490833,9,0.0,0.03775334873614411,2.8026704670001488,1.0375450985099182,5-HT1D,8.100339657627533,6.508128163964701,,
psilocin,7.20342566678957,6.515700160653214,7.730487055782084,7.353596273776931,,6.469032318428085,8.327902142064282,6.850165303284215,,,7.1444808443322,7.145086977692144,9,0.0,0.04169041934326456,2.689098247128852,1.0772803941034164,5-HT2B,8.327902142064282,6.469032318428085,8.327902142064282,-1.858869823636197
psilocybin,,,5.673869043289205,6.710411047457404,,7.886056647693163,6.613765798473359,,,,6.383524486111435,6.223371446579851,6,0.16666666666666666,0.05381942987518018,2.1376880464156227,1.175197255715239,5-HT2A,7.886056647693163,7.886056647693163,6.613765798473359,1.2722908492198037
serotonin,8.497039390769244,8.257445112240536,8.368868206403512,8.21694050884996,7.614012414102736,6.739104538782452,7.983917797907869,7.654469614811836,6.634776929854407,7.074602346467675,7.188025841542969,8.731757648692987,12,0.0,0.049692357600545245,3.23473228472909,1.0276235341663509,5-HT7,8.731757648692987,6.739104538782452,7.983917797907869,-1.2448132591254168
tryptamine,6.205005920204359,6.44563585020897,7.007676805107139,5.591929714112815,5.618163200001657,6.188545724636036,6.937628297916593,6.870808441669915,,,6.336769944848685,7.388312225679442,10,0.2,0.049149233882195054,2.916482137775391,1.0543169200233233,5-HT7,7.388312225679442,6.188545724636036,6.937628297916593,-0.7490825732805568
