canonical_name,receptors,n_receptors,has_5HT2A,has_5HT2B
serotonin,"['5-HT1A', '5-HT1B', '5-HT1D', '5-HT1E', '5-HT1F', '5-HT2A', '5-HT2B', '5-HT2C', '5-HT3', '5-HT4', '5-HT6', '5-HT7']",12,True,True
5-MeO-T,"['5-HT1A', '5-HT1B', '5-HT1D', '5-HT1E', '5-HT1F', '5-HT2A', '5-HT2B', '5-HT2C', '5-HT3', '5-HT4', '5-HT6', '5-HT7']",12,True,True
tryptamine,"['5-HT1A', '5-HT1B', '5-HT1D', '5-HT1E', '5-HT1F', '5-HT2A', '5-HT2B', '5-HT2C', '5-HT4', '5-HT6', '5-HT7']",11,True,True
psilocin,"['5-HT1A', '5-HT1B', '5-HT1D', '5-HT1E', '5-HT2A', '5-HT2B', '5-HT2C', '5-HT3', '5-HT6', '5-HT7']",10,True,True
DPT,"['5-HT1A', '5-HT1B', '5-HT1D', '5-HT1E', '5-HT2A', '5-HT2B', '5-HT2C', '5-HT3', '5-HT6', '5-HT7']",10,True,True
LSD,"['5-HT1A', '5-HT1B', '5-HT1D', '5-HT1E', '5-HT2A', '5-HT2B', '5-HT2C', '5-HT3', '5-HT6', '5-HT7']",10,True,True
6-F-DMT,"['5-HT1A', '5-HT1B', '5-HT1D', '5-HT1E', '5-HT2A', '5-HT2B', '5-HT2C', '5-HT3', '5-HT6', '5-HT7']",10,True,True
5-MeO-DMT,"['5-HT1A', '5-HT1B', '5-HT1D', '5-HT1E', '5-HT2A', '5-HT2B', '5-HT2C', '5-HT3', '5-HT6', '5-HT7']",10,True,True
MDMA,"['5-HT1A', '5-HT1B', '5-HT1D', '5-HT1E', '5-HT2A', '5-HT2B', '5-HT2C', '5-HT3', '5-HT6', '5-HT7']",10,True,True
DMT,"['5-HT1A', '5-HT1B', '5-HT1D', '5-HT1E', '5-HT2A', '5-HT2B', '5-HT2C', '5-HT3', '5-HT6', '5-HT7']",10,True,True
2C-B,"['5-HT1A', '5-HT1B', '5-HT1D', '5-HT1E', '5-HT2A', '5-HT2B', '5-HT2C', '5-HT3', '5-HT6', '5-HT7']",10,True,True
2C-E,"['5-HT1A', '5-HT1B', '5-HT1D', '5-HT1E', '5-HT2A', '5-HT2B', '5-HT2C', '5-HT3', '5-HT6', '5-HT7']",10,True,True
psilocybin,"['5-HT1A', '5-HT1B', '5-HT1D', '5-HT1E', '5-HT2A', '5-HT2B', '5-HT2C', '5-HT3', '5-HT6', '5-HT7']",10,True,True
4-HO-DALT,"['5-HT1A', '5-HT1B', '5-HT1D', '5-HT1E', '5-HT2A', '5-HT2B', '5-HT2C', '5-HT6', '5-HT7']",9,True,True
mescaline,"['5-HT1A', '5-HT1B', '5-HT1D', '5-HT1E', '5-HT2A', '5-HT2C', '5-HT3', '5-HT6', '5-HT7']",9,True,False
DOI,"['5-HT1A', '5-HT1B', '5-HT1D', '5-HT1E', '5-HT1F', '5-HT2A', '5-HT2B', '5-HT2C', '5-HT6']",9,True,True
2-Ph-DALT,"['5-HT1A', '5-HT1B', '5-HT1D', '5-HT1E', '5-HT2A', '5-HT2B', '5-HT2C', '5-HT6', '5-HT7']",9,True,True
7-Et-DALT,"['5-HT1A', '5-HT1B', '5-HT1D', '5-HT1E', '5-HT2A', '5-HT2B', '5-HT2C', '5-HT6', '5-HT7']",9,True,True
DiPT,"['5-HT1A', '5-HT1D', '5-HT1E', '5-HT2A', '5-HT2B', '5-HT2C', '5-HT3', '5-HT6', '5-HT7']",9,True,True
5-MeO-MiPT,"['5-HT1A', '5-HT1D', '5-HT1E', '5-HT2A', '5-HT2B', '5-HT2C', '5-HT3', '5-HT6', '5-HT7']",9,True,True
5-MeO-DiPT,"['5-HT1A', '5-HT1B', '5-HT1D', '5-HT1E', '5-HT2A', '5-HT2B', '5-HT3', '5-HT6', '5-HT7']",9,True,True
2C-T-2,"['5-HT1A', '5-HT1B', '5-HT1E', '5-HT2A', '5-HT2B', '5-HT2C', '5-HT3', '5-HT6', '5-HT7']",9,True,True
5-MeO-DALT,"['5-HT1A', '5-HT1B', '5-HT1D', '5-HT1E', '5-HT2A', '5-HT2B', '5-HT2C', '5-HT6', '5-HT7']",9,True,True
4-AcO-DALT,"['5-HT1A', '5-HT1B', '5-HT1D', '5-HT1E', '5-HT2A', '5-HT2B', '5-HT2C', '5-HT6', '5-HT7']",9,True,True
bufotenine,"['5-HT1A', '5-HT1B', '5-HT1D', '5-HT1F', '5-HT2A', '5-HT2C', '5-HT3', '5-HT6', '5-HT7']",9,True,False
DALT,"['5-HT1A', '5-HT1B', '5-HT1D', '5-HT1E', '5-HT2A', '5-HT2B', '5-HT2C', '5-HT6', '5-HT7']",9,True,True
5-MeO-2-F-DALT,"['5-HT1A', '5-HT1B', '5-HT1D', '5-HT1E', '5-HT2A', '5-HT2B', '5-HT2C', '5-HT6', '5-HT7']",9,True,True
5-F-DALT,"['5-HT1A', '5-HT1B', '5-HT1D', '5-HT1E', '5-HT2A', '5-HT2B', '5-HT2C', '5-HT6', '5-HT7']",9,True,True
5-Br-DALT,"['5-HT1A', '5-HT1B', '5-HT1D', '5-HT1E', '5-HT2A', '5-HT2B', '5-HT2C', '5-HT6', '5-HT7']",9,True,True
5-MeO-2-Me-DALT,"['5-HT1A', '5-HT1B', '5-HT1D', '5-HT1E', '5-HT2A', '5-HT2B', '5-HT2C', '5-HT6', '5-HT7']",9,True,True
5-Me-DMT,"['5-HT1B', '5-HT1D', '5-HT1E', '5-HT1F', '5-HT2A', '5-HT2C', '5-HT6', '5-HT7']",8,True,False
DOB,"['5-HT1A', '5-HT1B', '5-HT1D', '5-HT1E', '5-HT2A', '5-HT2B', '5-HT2C']",7,True,True
MDA R(-),"['5-HT1A', '5-HT1B', '5-HT2A', '5-HT2B', '5-HT2C', '5-HT3']",6,True,True
ibogaine,"['5-HT1A', '5-HT1B', '5-HT1D', '5-HT2A', '5-HT2C', '5-HT3']",6,True,False
2-Bromo-LSD,"['5-HT2A', '5-HT2B', '5-HT2C', '5-HT6', '5-HT7']",5,True,True
DOET,"['5-HT1A', '5-HT1B', '5-HT2A', '5-HT2C']",4,True,False
DOM,"['5-HT1A', '5-HT1B', '5-HT2A', '5-HT2C']",4,True,False
melatonin,"['5-HT2A', '5-HT2B', '5-HT2C', '5-HT7']",4,True,True
LSD (+),"['5-HT2A', '5-HT2C', '5-HT6', '5-HT7']",4,True,False
MDA,"['5-HT1B', '5-HT2A', '5-HT2C']",3,True,False
"TMA-2,4,5","['5-HT1A', '5-HT1B']",2,False,False
5-MeO-DET,['5-HT2A'],1,True,False
2-Me-DMT,['5-HT6'],1,False,False
2C-H,['5-HT2A'],1,True,False
4-HO-DET,['5-HT2A'],1,True,False
4-MeO-DMT,['5-HT2A'],1,True,False
5-HO-DiPT,['5-HT2A'],1,True,False
5-MeO-7-Me-DMT,['5-HT2A'],1,True,False
"TMA-2,3,5",['5-HT2C'],1,False,False
OH-DOB,['5-HT2A'],1,True,False
5-MeO-AMT,['5-HT2A'],1,True,False
AMT-iso,['5-HT2A'],1,True,False
"MDA (R,S)",['5-HT2B'],1,False,True
BenzO-DOB,['5-HT2A'],1,True,False
LSD (-),['5-HT2A'],1,True,False
6-MeO-DMT,['5-HT2A'],1,True,False
Iodo-LSD,['5-HT2A'],1,True,False
7-Br-DMT,['5-HT2A'],1,True,False
7-MeO-DMT,['5-HT2A'],1,True,False
DOM-iso,['5-HT2A'],1,True,False
7-OH-DMT,['5-HT2A'],1,True,False
2-Iodo-LSD,['5-HT2C'],1,False,False
AMT (+),['5-HT2A'],1,True,False
AMT (-),['5-HT2A'],1,True,False
AMT,['5-HT2A'],1,True,False
