compound_name,compound_id_in_paper,smiles,gq_emax,gq_ec50_nM,barr_emax,barr_ec50_nM,log_bias,bias_class,bias_method,reference_agonist,source
LYSERGIDE,CHEMBL263881,CCN(CC)C(=O)[C@@H]1C=C2c3cccc4[nH]cc(c34)C[C@H]2N(C)C1,100.0,,99.7,,-0.0013048416883442,balanced,Emax_only,LSD/serotonin (per paper),25CN-NBOH (J Med Chem 2022)
CHEMBL3589597,CHEMBL3589597,COc1cccc(CNCCc2cc(OC)c(Br)cc2OC)c1,38.8,,113.0,,0.4642467178892125,balanced,Emax_only,LSD/serotonin (per paper),25CN-NBOH (J Med Chem 2022)
CHEMBL3589598,CHEMBL3589598,COc1cc(CCNCc2cccc(O)c2)c(OC)cc1Br,28.0,,112.0,,0.6020599913279624,barr-biased,Emax_only,LSD/serotonin (per paper),25CN-NBOH (J Med Chem 2022)
SEROTONIN,CHEMBL39,NCCc1c[nH]c2ccc(O)cc12,222.0,,110.0,,-0.3049602892924136,balanced,Emax_only,LSD/serotonin (per paper),25CN-NBOH (J Med Chem 2022)
CHEMBL5170895,CHEMBL5170895,COc1cc(CCNCc2ccccc2OC)c(OC)cc1C#N,159.0,,161.0,,0.0054287517113982,balanced,Emax_only,LSD/serotonin (per paper),25CN-NBOH (J Med Chem 2022)
CHEMBL5173321,CHEMBL5173321,COc1cc(CCNC2COc3ccccc32)c(OC)cc1C#N,18.0,,82.9,,0.6632820254469676,barr-biased,Emax_only,LSD/serotonin (per paper),25CN-NBOH (J Med Chem 2022)
CHEMBL5176147,CHEMBL5176147,COc1cc(CCNC2CCOc3ccccc32)c(OC)cc1Br,47.7,,121.0,,0.4042669912763361,balanced,Emax_only,LSD/serotonin (per paper),25CN-NBOH (J Med Chem 2022)
CHEMBL5184791,CHEMBL5184791,COc1cc(CCNCc2ccccc2O)c(OC)cc1C#N,123.0,,150.0,,0.0861861476162833,balanced,Emax_only,LSD/serotonin (per paper),25CN-NBOH (J Med Chem 2022)
CHEMBL5189232,CHEMBL5189232,COc1cc(CCNCc2cccc3c2OCO3)c(OC)cc1C#N,83.0,,114.0,,0.1378267589603986,balanced,Emax_only,LSD/serotonin (per paper),25CN-NBOH (J Med Chem 2022)
CHEMBL5190617,CHEMBL5190617,COc1cc(CCNCc2cccc(O)c2)c(OC)cc1C#N,22.5,,106.0,,0.6731233471534077,barr-biased,Emax_only,LSD/serotonin (per paper),25CN-NBOH (J Med Chem 2022)
CHEMBL5201317,CHEMBL5201317,COc1cc(CCNCc2ccccc2F)c(OC)cc1C#N,72.5,,114.0,,0.1965668447654789,balanced,Emax_only,LSD/serotonin (per paper),25CN-NBOH (J Med Chem 2022)
CHEMBL5208046,CHEMBL5208046,COc1cc(CCNC2COc3ccccc32)c(OC)cc1Br,48.7,,96.6,,0.297448165200859,balanced,Emax_only,LSD/serotonin (per paper),25CN-NBOH (J Med Chem 2022)
CHEMBL5394639,CHEMBL5394639,COc1cccc2[nH]nc(C3=CCCNC3)c12,81.7,,75.9,,-0.0319802806369351,balanced,Emax_only,LSD/serotonin (per paper),Heterocyclic Gq-biased (ACS Med Chem Lett 2023)
CHEMBL5399727,CHEMBL5399727,Fc1ccc2[nH]nc(C3=CCCNC3)c2c1,88.3,,96.0,,0.0363105294619998,balanced,Emax_only,LSD/serotonin (per paper),Heterocyclic Gq-biased (ACS Med Chem Lett 2023)
CHEMBL5401711,CHEMBL5401711,CN1CCC=C(c2n[nH]c3cc(F)ccc23)C1,47.1,,27.0,,-0.2416571429699088,balanced,Emax_only,LSD/serotonin (per paper),Heterocyclic Gq-biased (ACS Med Chem Lett 2023)
CHEMBL5403370,CHEMBL5403370,Fc1ccc2c(C3=CCCNC3)n[nH]c2c1,79.4,,59.4,,-0.1260340574459028,balanced,Emax_only,LSD/serotonin (per paper),Heterocyclic Gq-biased (ACS Med Chem Lett 2023)
CHEMBL5405349,CHEMBL5405349,COc1cccc2[nH]cc(C3=CCCN(C)C3)c12,91.0,,47.7,,-0.2805230132809796,balanced,Emax_only,LSD/serotonin (per paper),Heterocyclic Gq-biased (ACS Med Chem Lett 2023)
CHEMBL5410020,CHEMBL5410020,COc1ccnc2[nH]cc(C3=CCCN(C)C3)c12,67.1,,32.2,,-0.3188666484731611,balanced,Emax_only,LSD/serotonin (per paper),Heterocyclic Gq-biased (ACS Med Chem Lett 2023)
CHEMBL5415797,CHEMBL5415797,CC(C)c1ccc2[nH]cc(C3=CCCNC3)c2c1,58.8,,31.4,,-0.2724476780029235,balanced,Emax_only,LSD/serotonin (per paper),Heterocyclic Gq-biased (ACS Med Chem Lett 2023)
CHEMBL5416033,CHEMBL5416033,Cc1cccc2[nH]cc(C3=CCCNC3)c12,85.7,,42.0,,-0.3097315315252977,balanced,Emax_only,LSD/serotonin (per paper),Heterocyclic Gq-biased (ACS Med Chem Lett 2023)
CHEMBL5416604,CHEMBL5416604,Clc1ccc2[nH]nc(C3=CCCNC3)c2c1,94.8,,97.0,,0.0099633969281786,balanced,Emax_only,LSD/serotonin (per paper),Heterocyclic Gq-biased (ACS Med Chem Lett 2023)
CHEMBL5418595,CHEMBL5418595,Cc1ccnc2[nH]cc(C3=CCCN(C)C3)c12,68.7,,38.9,,-0.2470071357338427,balanced,Emax_only,LSD/serotonin (per paper),Heterocyclic Gq-biased (ACS Med Chem Lett 2023)
CHEMBL5422786,CHEMBL5422786,C1=C(c2c[nH]c3cccc(-c4ccccc4)c23)CNCC1,59.6,,15.1,,-0.596269312447067,Gq-biased,Emax_only,LSD/serotonin (per paper),Heterocyclic Gq-biased (ACS Med Chem Lett 2023)
CHEMBL5424784,CHEMBL5424784,CN1CCC=C(c2n[nH]c3c(Cl)cc(F)cc23)C1,91.4,,88.5,,-0.014002925036006,balanced,Emax_only,LSD/serotonin (per paper),Heterocyclic Gq-biased (ACS Med Chem Lett 2023)
CHEMBL5428466,CHEMBL5428466,Clc1ccc2[nH]cc(C3=CCCNC3)c2c1,102.5,,77.3,,-0.1225443714734482,balanced,Emax_only,LSD/serotonin (per paper),Heterocyclic Gq-biased (ACS Med Chem Lett 2023)
CHEMBL5433583,CHEMBL5433583,CN1CCC=C(c2c[nH]c3c(Cl)c(F)ccc23)C1,89.2,,56.5,,-0.1983164065566845,balanced,Emax_only,LSD/serotonin (per paper),Heterocyclic Gq-biased (ACS Med Chem Lett 2023)
CHEMBL5437921,CHEMBL5437921,CN1CCC=C(c2n[nH]c3c(Cl)ccc(F)c23)C1,95.4,,50.9,,-0.2728305923673364,balanced,Emax_only,LSD/serotonin (per paper),Heterocyclic Gq-biased (ACS Med Chem Lett 2023)
CHEMBL5440436,CHEMBL5440436,Fc1ccc(Cl)c2[nH]nc(C3=CCCNC3)c12,106.3,,72.7,,-0.1649988536642589,balanced,Emax_only,LSD/serotonin (per paper),Heterocyclic Gq-biased (ACS Med Chem Lett 2023)
CHEMBL5440705,CHEMBL5440705,COc1cccc2[nH]cc(C3=CCCNC3)c12,96.1,,51.8,,-0.2683936279233123,balanced,Emax_only,LSD/serotonin (per paper),Heterocyclic Gq-biased (ACS Med Chem Lett 2023)
2C-CN,1j,COc1cc(CCN)cc(OC)c1CC#N,85.7,503.0,73.3,174.0,0.3931418894912574,balanced,Emax/EC50,LSD,literature (Pottie & Poulie 2023)
2C-N,1g,COc1cc(CCN)cc(OC)c1[N+](=O)[O-],99.7,92.5,71.5,32.2,0.31389674453262645,balanced,Emax/EC50,LSD,literature (Pottie & Poulie 2023)
2C-F,1d,COc1cc(CCN)cc(OC)c1F,95.8,75.0,77.5,26.4,0.3613935299496349,balanced,Emax/EC50,LSD,literature (Pottie & Poulie 2023)
2C-D,1b,COc1cc(CCN)cc(OC)c1C,121.0,59.4,85.7,16.9,0.39609519197426807,balanced,Emax/EC50,LSD,literature (Pottie & Poulie 2023)
2C-T,1e,COc1cc(CCN)cc(OC)c1SC,121.0,37.1,93.9,13.1,0.3419828359089426,balanced,Emax/EC50,LSD,literature (Pottie & Poulie 2023)
2C-P,1c,COc1cc(CCN)cc(OC)c1CCC,183.0,37.6,106.0,10.2,0.32944244870008427,balanced,Emax/EC50,LSD,literature (Pottie & Poulie 2023)
2C-T-7,1f,COc1cc(CCN)cc(OC)c1SCCC,174.0,14.3,113.0,4.99,0.26976468704249196,balanced,Emax/EC50,LSD,literature (Pottie & Poulie 2023)
DOT,1h,COc1cc([C@@H](C)N)cc(OC)c1SC,191.0,65.8,114.0,14.5,0.43272937546772566,balanced,Emax/EC50,LSD,literature (Pottie & Poulie 2023)
DOT-7,1i,COc1cc([C@@H](C)N)cc(OC)c1SCCC,189.0,7.63,116.0,2.18,0.3320642294039499,balanced,Emax/EC50,LSD,literature (Pottie & Poulie 2023)
25N-NBOH,2e,OCc1ccccc1NCCc1cc(OC)c([N+](=O)[O-])c(OC)c1,124.0,1.73,135.0,0.662,0.4541001970218665,balanced,Emax/EC50,LSD,literature (Pottie & Poulie 2023)
25T-NBOH,2a,OCc1ccccc1NCCc1cc(OC)c(SC)c(OC)c1,133.0,4.45,157.0,1.94,0.4326062924928535,balanced,Emax/EC50,LSD,literature (Pottie & Poulie 2023)
25N-NBMD,2h,COc1cc(CCNCc2c3ccccc3cc3ccccc23)cc(OC)c1[N+](=O)[O-],105.0,9.32,139.0,2.0,0.7902114178741572,barr-biased,Emax/EC50,LSD,literature (Pottie & Poulie 2023)
25N-NBOMe,2f,COc1cc(CCNCc2ccc(OC)cc2)cc(OC)c1[N+](=O)[O-],168.0,2.53,173.0,1.09,0.3784308446381268,balanced,Emax/EC50,LSD,literature (Pottie & Poulie 2023)
25N-NBF,2g,COc1cc(CCNCc2ccc3ccccc3c2)cc(OC)c1[N+](=O)[O-],94.2,74.7,131.0,14.2,0.8642526502952292,barr-biased,Emax/EC50,LSD,literature (Pottie & Poulie 2023)
25T-NBOMe,2b,COc1cc(CCNCc2ccc(OC)cc2)cc(OC)c1SC,179.0,4.22,177.0,2.05,0.308678825287833,balanced,Emax/EC50,LSD,literature (Pottie & Poulie 2023)
25T7-NBOH,2c,OCc1ccccc1NCCc1cc(OC)c(SCCC)c(OC)c1,138.0,17.5,168.0,13.9,0.18545344375682565,balanced,Emax/EC50,LSD,literature (Pottie & Poulie 2023)
25T7-NBOMe,2d,COc1cc(CCNCc2ccc(OC)cc2)cc(OC)c1SCCC,146.0,11.3,173.0,7.42,0.25636778554875095,balanced,Emax/EC50,LSD,literature (Pottie & Poulie 2023)
