molecule_chembl_id,pref_name,max_phase,smiles,inchi_key,mw,alogp,hbd,hba,molecule_type,gq_emax,barr_emax,document_chembl_id
CHEMBL39,SEROTONIN,3.0,NCCc1c[nH]c2ccc(O)cc12,QZAYGJVTTNCVMB-UHFFFAOYSA-N,,1.37,3,2,Small molecule,222.0,110.0,CHEMBL5113537
CHEMBL263881,LYSERGIDE,2.0,CCN(CC)C(=O)[C@@H]1C=C2c3cccc4[nH]cc(c34)C[C@H]2N(C)C1,VAYOSLLFUXYJDT-RDTXWAMCSA-N,,2.91,1,2,Small molecule,100.0,99.7,CHEMBL5113537
CHEMBL3589598,,,COc1cc(CCNCc2cccc(O)c2)c(OC)cc1Br,MZWUFGTUXRBVNC-UHFFFAOYSA-N,,3.50,2,4,Small molecule,28.0,112.0,CHEMBL5113537
CHEMBL3589597,,,COc1cccc(CNCCc2cc(OC)c(Br)cc2OC)c1,NFOSUSKGYPPAMT-UHFFFAOYSA-N,,3.81,1,4,Small molecule,38.8,113.0,CHEMBL5113537
CHEMBL5208046,,,COc1cc(CCNC2COc3ccccc32)c(OC)cc1Br,ZZPBCWVOHRBRPY-UHFFFAOYSA-N,,3.73,1,4,,48.7,96.6,CHEMBL5113537
CHEMBL5176147,,,COc1cc(CCNC2CCOc3ccccc32)c(OC)cc1Br,VHCSKHPOCQXHCZ-UHFFFAOYSA-N,,4.12,1,4,,47.7,121.0,CHEMBL5113537
CHEMBL5184791,,,COc1cc(CCNCc2ccccc2O)c(OC)cc1C#N,VWEDZTZAXHMZIL-UHFFFAOYSA-N,,2.61,2,5,,123.0,150.0,CHEMBL5113537
CHEMBL5170895,,,COc1cc(CCNCc2ccccc2OC)c(OC)cc1C#N,QBJWOIWLBRLGKZ-UHFFFAOYSA-N,,2.92,1,5,,159.0,161.0,CHEMBL5113537
CHEMBL5201317,,,COc1cc(CCNCc2ccccc2F)c(OC)cc1C#N,QAYYSFNKTHOOBZ-UHFFFAOYSA-N,,3.05,1,4,,72.5,114.0,CHEMBL5113537
CHEMBL5189232,,,COc1cc(CCNCc2cccc3c2OCO3)c(OC)cc1C#N,CFFGJOIVRPVLGJ-UHFFFAOYSA-N,,2.64,1,6,,83.0,114.0,CHEMBL5113537
CHEMBL5190617,,,COc1cc(CCNCc2cccc(O)c2)c(OC)cc1C#N,RTWSFJCMCLECPU-UHFFFAOYSA-N,,2.61,2,5,,22.5,106.0,CHEMBL5113537
CHEMBL5173321,,,COc1cc(CCNC2COc3ccccc32)c(OC)cc1C#N,HGVSMNAHTYILSO-UHFFFAOYSA-N,,2.84,1,5,,18.0,82.9,CHEMBL5113537
CHEMBL5418595,,,Cc1ccnc2[nH]cc(C3=CCCN(C)C3)c12,LSHNNYVDFHJVMJ-UHFFFAOYSA-N,,2.59,1,2,,68.7,38.9,CHEMBL5370684
CHEMBL5410020,,,COc1ccnc2[nH]cc(C3=CCCN(C)C3)c12,LZVMEEZIJRBYQX-UHFFFAOYSA-N,,2.29,1,3,,67.1,32.2,CHEMBL5370684
CHEMBL5416033,,,Cc1cccc2[nH]cc(C3=CCCNC3)c12,UIZDBLDTIJHWHC-UHFFFAOYSA-N,,2.85,2,1,,85.7,42.0,CHEMBL5370684
CHEMBL5440705,,,COc1cccc2[nH]cc(C3=CCCNC3)c12,UVKMZPAQSMMYPF-UHFFFAOYSA-N,,2.55,2,2,,96.1,51.8,CHEMBL5370684
CHEMBL5405349,,,COc1cccc2[nH]cc(C3=CCCN(C)C3)c12,KIOJWVVUZNUSCP-UHFFFAOYSA-N,,2.90,1,2,,91.0,47.7,CHEMBL5370684
CHEMBL5422786,,,C1=C(c2c[nH]c3cccc(-c4ccccc4)c23)CNCC1,AVDPQTIOXLYHMM-UHFFFAOYSA-N,,4.21,2,1,,59.6,15.1,CHEMBL5370684
CHEMBL5428466,,,Clc1ccc2[nH]cc(C3=CCCNC3)c2c1,NNGUQRONEZILFK-UHFFFAOYSA-N,,3.20,2,1,,102.5,77.3,CHEMBL5370684
CHEMBL5415797,,,CC(C)c1ccc2[nH]cc(C3=CCCNC3)c2c1,SSELQMKYGKUMQX-UHFFFAOYSA-N,,3.67,2,1,,58.8,31.4,CHEMBL5370684
CHEMBL5403370,,,Fc1ccc2c(C3=CCCNC3)n[nH]c2c1,MCDJXGIMPBFVQX-UHFFFAOYSA-N,,2.08,2,2,,79.4,59.4,CHEMBL5370684
CHEMBL5394639,,,COc1cccc2[nH]nc(C3=CCCNC3)c12,OWAUQTRUMWLABY-UHFFFAOYSA-N,,1.95,2,3,,81.7,75.9,CHEMBL5370684
CHEMBL5416604,,,Clc1ccc2[nH]nc(C3=CCCNC3)c2c1,QABLUDYTCCKNRQ-UHFFFAOYSA-N,,2.59,2,2,,94.8,97.0,CHEMBL5370684
CHEMBL5399727,,,Fc1ccc2[nH]nc(C3=CCCNC3)c2c1,WGGHIPHDWDVQSX-UHFFFAOYSA-N,,2.08,2,2,,88.3,96.0,CHEMBL5370684
CHEMBL5401711,,,CN1CCC=C(c2n[nH]c3cc(F)ccc23)C1,YRFYGHFCSNGREN-UHFFFAOYSA-N,,2.42,1,2,,47.1,27.0,CHEMBL5370684
CHEMBL5433583,,,CN1CCC=C(c2c[nH]c3c(Cl)c(F)ccc23)C1,DRJPXBPUOUSDBG-UHFFFAOYSA-N,,3.68,1,1,,89.2,56.5,CHEMBL5370684
CHEMBL5424784,,,CN1CCC=C(c2n[nH]c3c(Cl)cc(F)cc23)C1,LBFGAEZHJXZHFC-UHFFFAOYSA-N,,3.07,1,2,,91.4,88.5,CHEMBL5370684
CHEMBL5440436,,,Fc1ccc(Cl)c2[nH]nc(C3=CCCNC3)c12,YOWJZWITFSEAIC-UHFFFAOYSA-N,,2.73,2,2,,106.3,72.7,CHEMBL5370684
CHEMBL5437921,,,CN1CCC=C(c2n[nH]c3c(Cl)ccc(F)c23)C1,FNKNXXOTYSIXJT-UHFFFAOYSA-N,,3.07,1,2,,95.4,50.9,CHEMBL5370684
