assay_chembl_id,assay_description,document_chembl_id,standard_type,standard_units,molecule_chembl_id,standard_value,standard_relation,pathway
CHEMBL5120417,Agonist activity at human 5HT2A receptor transfected in HEK293T cells assessed as mini Galphaq recruitment measured for 2 hrs by luminescent assay relative to control,CHEMBL5113537,EMAX,%,CHEMBL39,222.0,=,gq
CHEMBL5120417,Agonist activity at human 5HT2A receptor transfected in HEK293T cells assessed as mini Galphaq recruitment measured for 2 hrs by luminescent assay relative to control,CHEMBL5113537,EMAX,%,CHEMBL263881,100.0,=,gq
CHEMBL5120417,Agonist activity at human 5HT2A receptor transfected in HEK293T cells assessed as mini Galphaq recruitment measured for 2 hrs by luminescent assay relative to control,CHEMBL5113537,EMAX,%,CHEMBL3589598,28.0,=,gq
CHEMBL5120417,Agonist activity at human 5HT2A receptor transfected in HEK293T cells assessed as mini Galphaq recruitment measured for 2 hrs by luminescent assay relative to control,CHEMBL5113537,EMAX,%,CHEMBL3589597,38.8,=,gq
CHEMBL5120417,Agonist activity at human 5HT2A receptor transfected in HEK293T cells assessed as mini Galphaq recruitment measured for 2 hrs by luminescent assay relative to control,CHEMBL5113537,EMAX,%,CHEMBL5208046,48.7,=,gq
CHEMBL5120417,Agonist activity at human 5HT2A receptor transfected in HEK293T cells assessed as mini Galphaq recruitment measured for 2 hrs by luminescent assay relative to control,CHEMBL5113537,EMAX,%,CHEMBL5176147,47.7,=,gq
CHEMBL5120417,Agonist activity at human 5HT2A receptor transfected in HEK293T cells assessed as mini Galphaq recruitment measured for 2 hrs by luminescent assay relative to control,CHEMBL5113537,EMAX,%,CHEMBL5184791,123.0,=,gq
CHEMBL5120417,Agonist activity at human 5HT2A receptor transfected in HEK293T cells assessed as mini Galphaq recruitment measured for 2 hrs by luminescent assay relative to control,CHEMBL5113537,EMAX,%,CHEMBL5170895,159.0,=,gq
CHEMBL5120417,Agonist activity at human 5HT2A receptor transfected in HEK293T cells assessed as mini Galphaq recruitment measured for 2 hrs by luminescent assay relative to control,CHEMBL5113537,EMAX,%,CHEMBL5201317,72.5,=,gq
CHEMBL5120417,Agonist activity at human 5HT2A receptor transfected in HEK293T cells assessed as mini Galphaq recruitment measured for 2 hrs by luminescent assay relative to control,CHEMBL5113537,EMAX,%,CHEMBL5189232,83.0,=,gq
CHEMBL5120417,Agonist activity at human 5HT2A receptor transfected in HEK293T cells assessed as mini Galphaq recruitment measured for 2 hrs by luminescent assay relative to control,CHEMBL5113537,EMAX,%,CHEMBL5190617,22.5,=,gq
CHEMBL5120417,Agonist activity at human 5HT2A receptor transfected in HEK293T cells assessed as mini Galphaq recruitment measured for 2 hrs by luminescent assay relative to control,CHEMBL5113537,EMAX,%,CHEMBL5173321,18.0,=,gq
CHEMBL5375652,Agonist activity at 5-HT2A (unknown origin) expressed in HEK293T cells co-transfected with RLuc-fused Galphaq/GFP2/Gy9/Gbeta3 assessed as Gaq hetero trimeric G protein activation at 0.1 to 10 uM incubated for 30 mins using coelenterazine 400a as a substrate by BRET assay relative to control,CHEMBL5370684,EMAX,%,CHEMBL5418595,68.7,=,gq
CHEMBL5375652,Agonist activity at 5-HT2A (unknown origin) expressed in HEK293T cells co-transfected with RLuc-fused Galphaq/GFP2/Gy9/Gbeta3 assessed as Gaq hetero trimeric G protein activation at 0.1 to 10 uM incubated for 30 mins using coelenterazine 400a as a substrate by BRET assay relative to control,CHEMBL5370684,EMAX,%,CHEMBL5410020,67.1,=,gq
CHEMBL5375652,Agonist activity at 5-HT2A (unknown origin) expressed in HEK293T cells co-transfected with RLuc-fused Galphaq/GFP2/Gy9/Gbeta3 assessed as Gaq hetero trimeric G protein activation at 0.1 to 10 uM incubated for 30 mins using coelenterazine 400a as a substrate by BRET assay relative to control,CHEMBL5370684,EMAX,%,CHEMBL5416033,85.7,=,gq
CHEMBL5375652,Agonist activity at 5-HT2A (unknown origin) expressed in HEK293T cells co-transfected with RLuc-fused Galphaq/GFP2/Gy9/Gbeta3 assessed as Gaq hetero trimeric G protein activation at 0.1 to 10 uM incubated for 30 mins using coelenterazine 400a as a substrate by BRET assay relative to control,CHEMBL5370684,EMAX,%,CHEMBL5440705,96.1,=,gq
CHEMBL5375652,Agonist activity at 5-HT2A (unknown origin) expressed in HEK293T cells co-transfected with RLuc-fused Galphaq/GFP2/Gy9/Gbeta3 assessed as Gaq hetero trimeric G protein activation at 0.1 to 10 uM incubated for 30 mins using coelenterazine 400a as a substrate by BRET assay relative to control,CHEMBL5370684,EMAX,%,CHEMBL5405349,91.0,=,gq
CHEMBL5375652,Agonist activity at 5-HT2A (unknown origin) expressed in HEK293T cells co-transfected with RLuc-fused Galphaq/GFP2/Gy9/Gbeta3 assessed as Gaq hetero trimeric G protein activation at 0.1 to 10 uM incubated for 30 mins using coelenterazine 400a as a substrate by BRET assay relative to control,CHEMBL5370684,EMAX,%,CHEMBL5422786,59.6,=,gq
CHEMBL5375652,Agonist activity at 5-HT2A (unknown origin) expressed in HEK293T cells co-transfected with RLuc-fused Galphaq/GFP2/Gy9/Gbeta3 assessed as Gaq hetero trimeric G protein activation at 0.1 to 10 uM incubated for 30 mins using coelenterazine 400a as a substrate by BRET assay relative to control,CHEMBL5370684,EMAX,%,CHEMBL5428466,102.5,=,gq
CHEMBL5375652,Agonist activity at 5-HT2A (unknown origin) expressed in HEK293T cells co-transfected with RLuc-fused Galphaq/GFP2/Gy9/Gbeta3 assessed as Gaq hetero trimeric G protein activation at 0.1 to 10 uM incubated for 30 mins using coelenterazine 400a as a substrate by BRET assay relative to control,CHEMBL5370684,EMAX,%,CHEMBL5415797,58.8,=,gq
CHEMBL5375652,Agonist activity at 5-HT2A (unknown origin) expressed in HEK293T cells co-transfected with RLuc-fused Galphaq/GFP2/Gy9/Gbeta3 assessed as Gaq hetero trimeric G protein activation at 0.1 to 10 uM incubated for 30 mins using coelenterazine 400a as a substrate by BRET assay relative to control,CHEMBL5370684,EMAX,%,CHEMBL5403370,79.4,=,gq
CHEMBL5375652,Agonist activity at 5-HT2A (unknown origin) expressed in HEK293T cells co-transfected with RLuc-fused Galphaq/GFP2/Gy9/Gbeta3 assessed as Gaq hetero trimeric G protein activation at 0.1 to 10 uM incubated for 30 mins using coelenterazine 400a as a substrate by BRET assay relative to control,CHEMBL5370684,EMAX,%,CHEMBL5394639,81.7,=,gq
CHEMBL5375652,Agonist activity at 5-HT2A (unknown origin) expressed in HEK293T cells co-transfected with RLuc-fused Galphaq/GFP2/Gy9/Gbeta3 assessed as Gaq hetero trimeric G protein activation at 0.1 to 10 uM incubated for 30 mins using coelenterazine 400a as a substrate by BRET assay relative to control,CHEMBL5370684,EMAX,%,CHEMBL5416604,94.8,=,gq
CHEMBL5375652,Agonist activity at 5-HT2A (unknown origin) expressed in HEK293T cells co-transfected with RLuc-fused Galphaq/GFP2/Gy9/Gbeta3 assessed as Gaq hetero trimeric G protein activation at 0.1 to 10 uM incubated for 30 mins using coelenterazine 400a as a substrate by BRET assay relative to control,CHEMBL5370684,EMAX,%,CHEMBL5399727,88.3,=,gq
CHEMBL5375652,Agonist activity at 5-HT2A (unknown origin) expressed in HEK293T cells co-transfected with RLuc-fused Galphaq/GFP2/Gy9/Gbeta3 assessed as Gaq hetero trimeric G protein activation at 0.1 to 10 uM incubated for 30 mins using coelenterazine 400a as a substrate by BRET assay relative to control,CHEMBL5370684,EMAX,%,CHEMBL5401711,47.1,=,gq
CHEMBL5375652,Agonist activity at 5-HT2A (unknown origin) expressed in HEK293T cells co-transfected with RLuc-fused Galphaq/GFP2/Gy9/Gbeta3 assessed as Gaq hetero trimeric G protein activation at 0.1 to 10 uM incubated for 30 mins using coelenterazine 400a as a substrate by BRET assay relative to control,CHEMBL5370684,EMAX,%,CHEMBL5433583,89.2,=,gq
CHEMBL5375652,Agonist activity at 5-HT2A (unknown origin) expressed in HEK293T cells co-transfected with RLuc-fused Galphaq/GFP2/Gy9/Gbeta3 assessed as Gaq hetero trimeric G protein activation at 0.1 to 10 uM incubated for 30 mins using coelenterazine 400a as a substrate by BRET assay relative to control,CHEMBL5370684,EMAX,%,CHEMBL5424784,91.4,=,gq
CHEMBL5375652,Agonist activity at 5-HT2A (unknown origin) expressed in HEK293T cells co-transfected with RLuc-fused Galphaq/GFP2/Gy9/Gbeta3 assessed as Gaq hetero trimeric G protein activation at 0.1 to 10 uM incubated for 30 mins using coelenterazine 400a as a substrate by BRET assay relative to control,CHEMBL5370684,EMAX,%,CHEMBL5440436,106.3,=,gq
CHEMBL5375652,Agonist activity at 5-HT2A (unknown origin) expressed in HEK293T cells co-transfected with RLuc-fused Galphaq/GFP2/Gy9/Gbeta3 assessed as Gaq hetero trimeric G protein activation at 0.1 to 10 uM incubated for 30 mins using coelenterazine 400a as a substrate by BRET assay relative to control,CHEMBL5370684,EMAX,%,CHEMBL5437921,95.4,=,gq
CHEMBL5120415,Agonist activity at human 5HT2A receptor transfected in HEK293T cells assessed as beta arrestin-2 recruitment measured for 2 hrs by luminescent assay relative to control,CHEMBL5113537,EMAX,%,CHEMBL39,110.0,=,beta-arrestin
CHEMBL5120415,Agonist activity at human 5HT2A receptor transfected in HEK293T cells assessed as beta arrestin-2 recruitment measured for 2 hrs by luminescent assay relative to control,CHEMBL5113537,EMAX,%,CHEMBL263881,99.7,=,beta-arrestin
CHEMBL5120415,Agonist activity at human 5HT2A receptor transfected in HEK293T cells assessed as beta arrestin-2 recruitment measured for 2 hrs by luminescent assay relative to control,CHEMBL5113537,EMAX,%,CHEMBL3589598,112.0,=,beta-arrestin
CHEMBL5120415,Agonist activity at human 5HT2A receptor transfected in HEK293T cells assessed as beta arrestin-2 recruitment measured for 2 hrs by luminescent assay relative to control,CHEMBL5113537,EMAX,%,CHEMBL3589597,113.0,=,beta-arrestin
CHEMBL5120415,Agonist activity at human 5HT2A receptor transfected in HEK293T cells assessed as beta arrestin-2 recruitment measured for 2 hrs by luminescent assay relative to control,CHEMBL5113537,EMAX,%,CHEMBL5208046,96.6,=,beta-arrestin
CHEMBL5120415,Agonist activity at human 5HT2A receptor transfected in HEK293T cells assessed as beta arrestin-2 recruitment measured for 2 hrs by luminescent assay relative to control,CHEMBL5113537,EMAX,%,CHEMBL5176147,121.0,=,beta-arrestin
CHEMBL5120415,Agonist activity at human 5HT2A receptor transfected in HEK293T cells assessed as beta arrestin-2 recruitment measured for 2 hrs by luminescent assay relative to control,CHEMBL5113537,EMAX,%,CHEMBL5184791,150.0,=,beta-arrestin
CHEMBL5120415,Agonist activity at human 5HT2A receptor transfected in HEK293T cells assessed as beta arrestin-2 recruitment measured for 2 hrs by luminescent assay relative to control,CHEMBL5113537,EMAX,%,CHEMBL5170895,161.0,=,beta-arrestin
CHEMBL5120415,Agonist activity at human 5HT2A receptor transfected in HEK293T cells assessed as beta arrestin-2 recruitment measured for 2 hrs by luminescent assay relative to control,CHEMBL5113537,EMAX,%,CHEMBL5201317,114.0,=,beta-arrestin
CHEMBL5120415,Agonist activity at human 5HT2A receptor transfected in HEK293T cells assessed as beta arrestin-2 recruitment measured for 2 hrs by luminescent assay relative to control,CHEMBL5113537,EMAX,%,CHEMBL5189232,114.0,=,beta-arrestin
CHEMBL5120415,Agonist activity at human 5HT2A receptor transfected in HEK293T cells assessed as beta arrestin-2 recruitment measured for 2 hrs by luminescent assay relative to control,CHEMBL5113537,EMAX,%,CHEMBL5190617,106.0,=,beta-arrestin
CHEMBL5120415,Agonist activity at human 5HT2A receptor transfected in HEK293T cells assessed as beta arrestin-2 recruitment measured for 2 hrs by luminescent assay relative to control,CHEMBL5113537,EMAX,%,CHEMBL5173321,82.9,=,beta-arrestin
CHEMBL5375654,Agonist activity at RLuc-fused 5-HT2A (unknown origin) expressed in HEK293T cells co-transfected with mVenus-fused beta arrestin-2/GRK2 assessed as beta arrestin-2 recruitment at 0.1 to 10 uM incubated for 30 mins using coelenterazine h as a substrate by BRET assay relative to control,CHEMBL5370684,EMAX,%,CHEMBL5418595,38.9,=,beta-arrestin
CHEMBL5375654,Agonist activity at RLuc-fused 5-HT2A (unknown origin) expressed in HEK293T cells co-transfected with mVenus-fused beta arrestin-2/GRK2 assessed as beta arrestin-2 recruitment at 0.1 to 10 uM incubated for 30 mins using coelenterazine h as a substrate by BRET assay relative to control,CHEMBL5370684,EMAX,%,CHEMBL5410020,32.2,=,beta-arrestin
CHEMBL5375654,Agonist activity at RLuc-fused 5-HT2A (unknown origin) expressed in HEK293T cells co-transfected with mVenus-fused beta arrestin-2/GRK2 assessed as beta arrestin-2 recruitment at 0.1 to 10 uM incubated for 30 mins using coelenterazine h as a substrate by BRET assay relative to control,CHEMBL5370684,EMAX,%,CHEMBL5416033,42.0,=,beta-arrestin
CHEMBL5375654,Agonist activity at RLuc-fused 5-HT2A (unknown origin) expressed in HEK293T cells co-transfected with mVenus-fused beta arrestin-2/GRK2 assessed as beta arrestin-2 recruitment at 0.1 to 10 uM incubated for 30 mins using coelenterazine h as a substrate by BRET assay relative to control,CHEMBL5370684,EMAX,%,CHEMBL5440705,51.8,=,beta-arrestin
CHEMBL5375654,Agonist activity at RLuc-fused 5-HT2A (unknown origin) expressed in HEK293T cells co-transfected with mVenus-fused beta arrestin-2/GRK2 assessed as beta arrestin-2 recruitment at 0.1 to 10 uM incubated for 30 mins using coelenterazine h as a substrate by BRET assay relative to control,CHEMBL5370684,EMAX,%,CHEMBL5405349,47.7,=,beta-arrestin
CHEMBL5375654,Agonist activity at RLuc-fused 5-HT2A (unknown origin) expressed in HEK293T cells co-transfected with mVenus-fused beta arrestin-2/GRK2 assessed as beta arrestin-2 recruitment at 0.1 to 10 uM incubated for 30 mins using coelenterazine h as a substrate by BRET assay relative to control,CHEMBL5370684,EMAX,%,CHEMBL5422786,15.1,=,beta-arrestin
CHEMBL5375654,Agonist activity at RLuc-fused 5-HT2A (unknown origin) expressed in HEK293T cells co-transfected with mVenus-fused beta arrestin-2/GRK2 assessed as beta arrestin-2 recruitment at 0.1 to 10 uM incubated for 30 mins using coelenterazine h as a substrate by BRET assay relative to control,CHEMBL5370684,EMAX,%,CHEMBL5428466,77.3,=,beta-arrestin
CHEMBL5375654,Agonist activity at RLuc-fused 5-HT2A (unknown origin) expressed in HEK293T cells co-transfected with mVenus-fused beta arrestin-2/GRK2 assessed as beta arrestin-2 recruitment at 0.1 to 10 uM incubated for 30 mins using coelenterazine h as a substrate by BRET assay relative to control,CHEMBL5370684,EMAX,%,CHEMBL5415797,31.4,=,beta-arrestin
CHEMBL5375654,Agonist activity at RLuc-fused 5-HT2A (unknown origin) expressed in HEK293T cells co-transfected with mVenus-fused beta arrestin-2/GRK2 assessed as beta arrestin-2 recruitment at 0.1 to 10 uM incubated for 30 mins using coelenterazine h as a substrate by BRET assay relative to control,CHEMBL5370684,EMAX,%,CHEMBL5403370,59.4,=,beta-arrestin
CHEMBL5375654,Agonist activity at RLuc-fused 5-HT2A (unknown origin) expressed in HEK293T cells co-transfected with mVenus-fused beta arrestin-2/GRK2 assessed as beta arrestin-2 recruitment at 0.1 to 10 uM incubated for 30 mins using coelenterazine h as a substrate by BRET assay relative to control,CHEMBL5370684,EMAX,%,CHEMBL5394639,75.9,=,beta-arrestin
CHEMBL5375654,Agonist activity at RLuc-fused 5-HT2A (unknown origin) expressed in HEK293T cells co-transfected with mVenus-fused beta arrestin-2/GRK2 assessed as beta arrestin-2 recruitment at 0.1 to 10 uM incubated for 30 mins using coelenterazine h as a substrate by BRET assay relative to control,CHEMBL5370684,EMAX,%,CHEMBL5416604,97.0,=,beta-arrestin
CHEMBL5375654,Agonist activity at RLuc-fused 5-HT2A (unknown origin) expressed in HEK293T cells co-transfected with mVenus-fused beta arrestin-2/GRK2 assessed as beta arrestin-2 recruitment at 0.1 to 10 uM incubated for 30 mins using coelenterazine h as a substrate by BRET assay relative to control,CHEMBL5370684,EMAX,%,CHEMBL5399727,96.0,=,beta-arrestin
CHEMBL5375654,Agonist activity at RLuc-fused 5-HT2A (unknown origin) expressed in HEK293T cells co-transfected with mVenus-fused beta arrestin-2/GRK2 assessed as beta arrestin-2 recruitment at 0.1 to 10 uM incubated for 30 mins using coelenterazine h as a substrate by BRET assay relative to control,CHEMBL5370684,EMAX,%,CHEMBL5401711,27.0,=,beta-arrestin
CHEMBL5375654,Agonist activity at RLuc-fused 5-HT2A (unknown origin) expressed in HEK293T cells co-transfected with mVenus-fused beta arrestin-2/GRK2 assessed as beta arrestin-2 recruitment at 0.1 to 10 uM incubated for 30 mins using coelenterazine h as a substrate by BRET assay relative to control,CHEMBL5370684,EMAX,%,CHEMBL5433583,56.5,=,beta-arrestin
CHEMBL5375654,Agonist activity at RLuc-fused 5-HT2A (unknown origin) expressed in HEK293T cells co-transfected with mVenus-fused beta arrestin-2/GRK2 assessed as beta arrestin-2 recruitment at 0.1 to 10 uM incubated for 30 mins using coelenterazine h as a substrate by BRET assay relative to control,CHEMBL5370684,EMAX,%,CHEMBL5424784,88.5,=,beta-arrestin
CHEMBL5375654,Agonist activity at RLuc-fused 5-HT2A (unknown origin) expressed in HEK293T cells co-transfected with mVenus-fused beta arrestin-2/GRK2 assessed as beta arrestin-2 recruitment at 0.1 to 10 uM incubated for 30 mins using coelenterazine h as a substrate by BRET assay relative to control,CHEMBL5370684,EMAX,%,CHEMBL5440436,72.7,=,beta-arrestin
CHEMBL5375654,Agonist activity at RLuc-fused 5-HT2A (unknown origin) expressed in HEK293T cells co-transfected with mVenus-fused beta arrestin-2/GRK2 assessed as beta arrestin-2 recruitment at 0.1 to 10 uM incubated for 30 mins using coelenterazine h as a substrate by BRET assay relative to control,CHEMBL5370684,EMAX,%,CHEMBL5437921,50.9,=,beta-arrestin
